DateTime,Ticket,Symbol,Type,Volume,Price,SL,TP,ExecutionTime,Status,Comment
2025.01.02 14:00:20,2,AUDUSD#,buy,0.05 / 0.05,0.00000,0.62037,0.62263,2025.01.02 14:00:20,filled,OkiFVG
2025.01.02 15:30:40,3,AUDUSD#,sell,0.05 / 0.05,0.00000,,,2025.01.02 15:30:40,filled,sl 0.62037
2025.01.02 16:56:00,4,AUDUSD#,sell,0.05 / 0.05,0.00000,0.62250,0.62028,2025.01.02 16:56:00,filled,OkiFVG
2025.01.02 18:03:40,5,AUDUSD#,buy,0.05 / 0.05,0.00000,,,2025.01.02 18:03:40,filled,tp 0.62028
2025.01.02 18:15:20,6,AUDUSD#,sell,0.03 / 0.03,0.00000,0.62154,0.61866,2025.01.02 18:15:20,filled,OkiFVG
2025.01.03 02:48:40,7,AUDUSD#,buy,0.03 / 0.03,0.00000,,,2025.01.03 02:48:40,filled,sl 0.62154
2025.01.10 14:01:20,8,AUDUSD#,sell,0.06 / 0.06,0.00000,0.61953,0.61791,2025.01.10 14:01:20,filled,OkiFVG
2025.01.10 15:30:40,9,AUDUSD#,buy,0.06 / 0.06,0.00000,,,2025.01.10 15:30:40,filled,tp 0.61791
2025.01.17 14:03:40,10,AUDUSD#,sell,0.06 / 0.06,0.00000,0.62053,0.61877,2025.01.17 14:03:40,filled,OkiFVG
2025.01.17 14:40:00,11,AUDUSD#,buy,0.06 / 0.06,0.00000,,,2025.01.17 14:40:00,filled,tp 0.61877
2025.02.11 14:00:40,12,AUDUSD#,buy,0.07 / 0.07,0.00000,0.62655,0.62806,2025.02.11 14:00:40,filled,OkiFVG
2025.02.11 14:26:40,13,AUDUSD#,sell,0.07 / 0.07,0.00000,,,2025.02.11 14:26:40,filled,tp 0.62806
2025.02.11 14:30:20,14,AUDUSD#,buy,0.07 / 0.07,0.00000,0.62708,0.62868,2025.02.11 14:30:20,filled,OkiFVG
2025.02.11 16:29:40,15,AUDUSD#,sell,0.07 / 0.07,0.00000,,,2025.02.11 16:29:40,filled,tp 0.62868
2025.02.11 16:30:40,16,AUDUSD#,buy,0.06 / 0.06,0.00000,0.62783,0.62957,2025.02.11 16:30:40,filled,OkiFVG
2025.02.11 18:28:40,17,AUDUSD#,sell,0.06 / 0.06,0.00000,,,2025.02.11 18:28:40,filled,tp 0.62957
2025.02.17 14:00:00,18,AUDUSD#,buy,0.08 / 0.08,0.00000,0.63586,0.63735,2025.02.17 14:00:00,filled,OkiFVG
2025.02.17 21:00:40,19,AUDUSD#,sell,0.08 / 0.08,0.00000,,,2025.02.17 21:00:40,filled,sl 0.63586
2025.02.17 21:00:40,20,AUDUSD#,sell,0.11 / 0.11,0.00000,0.63642,0.63537,2025.02.17 21:00:40,filled,OkiFVG
2025.02.18 00:33:40,21,AUDUSD#,buy,0.11 / 0.11,0.00000,,,2025.02.18 00:33:40,filled,tp 0.63537
2025.02.19 14:15:20,22,AUDUSD#,buy,0.08 / 0.08,0.00000,0.63420,0.63569,2025.02.19 14:15:20,filled,OkiFVG
2025.02.19 17:31:40,23,AUDUSD#,sell,0.08 / 0.08,0.00000,,,2025.02.19 17:31:40,filled,tp 0.63569
2025.02.19 17:45:40,24,AUDUSD#,buy,0.06 / 0.06,0.00000,0.63485,0.63672,2025.02.19 17:45:40,filled,OkiFVG
2025.02.19 17:58:40,25,AUDUSD#,sell,0.06 / 0.06,0.00000,,,2025.02.19 17:58:40,filled,sl 0.63485
2025.02.21 14:00:40,26,AUDUSD#,sell,0.09 / 0.09,0.00000,0.63934,0.63813,2025.02.21 14:00:40,filled,OkiFVG
2025.02.21 15:18:40,27,AUDUSD#,buy,0.09 / 0.09,0.00000,,,2025.02.21 15:18:40,filled,tp 0.63813
2025.02.21 15:19:40,28,AUDUSD#,sell,0.1 / 0.1,0.00000,0.63871,0.63751,2025.02.21 15:19:40,filled,OkiFVG
2025.02.21 16:02:20,29,AUDUSD#,buy,0.1 / 0.1,0.00000,,,2025.02.21 16:02:20,filled,sl 0.63871
2025.02.28 14:00:20,30,AUDUSD#,buy,0.08 / 0.08,0.00000,0.62109,0.62255,2025.02.28 14:00:20,filled,OkiFVG
2025.02.28 16:03:40,31,AUDUSD#,sell,0.08 / 0.08,0.00000,,,2025.02.28 16:03:40,filled,sl 0.62109
2025.03.03 14:00:40,32,AUDUSD#,buy,0.06 / 0.06,0.00000,0.62153,0.62324,2025.03.03 14:00:40,filled,OkiFVG
2025.03.03 15:25:40,33,AUDUSD#,sell,0.06 / 0.06,0.00000,,,2025.03.03 15:25:40,filled,tp 0.62324
2025.03.03 15:30:20,34,AUDUSD#,buy,0.06 / 0.06,0.00000,0.62224,0.62398,2025.03.03 15:30:20,filled,OkiFVG
2025.03.03 16:21:40,35,AUDUSD#,sell,0.06 / 0.06,0.00000,,,2025.03.03 16:21:40,filled,tp 0.62398
2025.03.18 14:00:40,36,AUDUSD#,sell,0.07 / 0.07,0.00000,0.63755,0.63595,2025.03.18 14:00:40,filled,OkiFVG
2025.03.18 15:40:40,37,AUDUSD#,buy,0.07 / 0.07,0.00000,,,2025.03.18 15:40:40,filled,tp 0.63595
2025.03.21 14:30:40,38,AUDUSD#,sell,0.08 / 0.08,0.00000,0.62982,0.62829,2025.03.21 14:30:40,filled,OkiFVG
2025.03.21 15:02:40,39,AUDUSD#,buy,0.08 / 0.08,0.00000,,,2025.03.21 15:02:40,filled,tp 0.62829
2025.03.21 15:03:40,40,AUDUSD#,sell,0.07 / 0.07,0.00000,0.62915,0.62755,2025.03.21 15:03:40,filled,OkiFVG
2025.03.21 15:25:40,41,AUDUSD#,buy,0.07 / 0.07,0.00000,,,2025.03.21 15:25:40,filled,tp 0.62755
2025.03.28 15:00:20,42,AUDUSD#,buy,0.07 / 0.07,0.00000,0.62939,0.63106,2025.03.28 15:00:20,filled,OkiFVG
2025.03.28 15:20:40,43,AUDUSD#,sell,0.07 / 0.07,0.00000,,,2025.03.28 15:20:40,filled,tp 0.63106
2025.04.17 14:30:20,44,AUDUSD#,buy,0.06 / 0.06,0.00000,0.63515,0.63716,2025.04.17 14:30:20,filled,OkiFVG
2025.04.17 15:45:40,45,AUDUSD#,sell,0.06 / 0.06,0.00000,,,2025.04.17 15:45:40,filled,tp 0.63716
2025.04.17 15:46:40,46,AUDUSD#,buy,0.05 / 0.05,0.00000,0.63556,0.63789,2025.04.17 15:46:40,filled,OkiFVG
2025.04.17 15:58:40,47,AUDUSD#,sell,0.05 / 0.05,0.00000,,,2025.04.17 15:58:40,filled,tp 0.63789
2025.04.17 16:00:40,48,AUDUSD#,buy,0.05 / 0.05,0.00000,0.63664,0.63924,2025.04.17 16:00:40,filled,OkiFVG
2025.04.17 17:55:40,49,AUDUSD#,sell,0.05 / 0.05,0.00000,,,2025.04.17 17:55:40,filled,sl 0.63664
2025.04.18 16:23:30,50,AUDUSD#,sell,0.08 / 0.08,0.00000,0.63804,0.63654,2025.04.18 16:23:30,filled,OkiFVG
2025.04.21 01:00:20,51,AUDUSD#,buy,0.08 / 0.08,0.00000,,,2025.04.21 01:00:20,filled,sl 0.63804
2025.04.22 14:00:40,52,AUDUSD#,sell,0.05 / 0.05,0.00000,0.64121,0.63856,2025.04.22 14:00:40,filled,OkiFVG
2025.04.22 16:03:40,53,AUDUSD#,buy,0.05 / 0.05,0.00000,,,2025.04.22 16:03:40,filled,tp 0.63856
2025.04.24 14:02:00,54,AUDUSD#,buy,0.05 / 0.05,0.00000,0.63733,0.63971,2025.04.24 14:02:00,filled,OkiFVG
2025.04.24 17:27:40,55,AUDUSD#,sell,0.05 / 0.05,0.00000,,,2025.04.24 17:27:40,filled,tp 0.63971
2025.04.25 14:00:40,56,AUDUSD#,sell,0.04 / 0.04,0.00000,0.63924,0.63634,2025.04.25 14:00:40,filled,OkiFVG
2025.04.25 17:04:40,57,AUDUSD#,buy,0.04 / 0.04,0.00000,,,2025.04.25 17:04:40,filled,sl 0.63924
2025.04.25 17:15:40,58,AUDUSD#,buy,0.05 / 0.05,0.00000,0.63792,0.64051,2025.04.25 17:15:40,filled,OkiFVG
2025.04.28 03:01:40,59,AUDUSD#,sell,0.05 / 0.05,0.00000,,,2025.04.28 03:01:40,filled,sl 0.63792
2025.04.28 14:00:20,60,AUDUSD#,sell,0.04 / 0.04,0.00000,0.64092,0.63833,2025.04.28 14:00:20,filled,OkiFVG
2025.04.28 16:42:40,61,AUDUSD#,buy,0.04 / 0.04,0.00000,,,2025.04.28 16:42:40,filled,sl 0.64092
2025.04.28 16:45:20,62,AUDUSD#,buy,0.05 / 0.05,0.00000,0.64018,0.64270,2025.04.28 16:45:20,filled,OkiFVG
2025.04.28 17:37:40,63,AUDUSD#,sell,0.05 / 0.05,0.00000,,,2025.04.28 17:37:40,filled,tp 0.64270
2025.04.29 14:00:20,64,AUDUSD#,sell,0.04 / 0.04,0.00000,0.64137,0.63849,2025.04.29 14:00:20,filled,OkiFVG
2025.04.29 15:42:40,65,AUDUSD#,buy,0.04 / 0.04,0.00000,,,2025.04.29 15:42:40,filled,sl 0.64137
2025.04.29 16:15:20,66,AUDUSD#,sell,0.04 / 0.04,0.00000,0.64154,0.63890,2025.04.29 16:15:20,filled,OkiFVG
2025.04.29 17:08:40,67,AUDUSD#,buy,0.04 / 0.04,0.00000,,,2025.04.29 17:08:40,filled,tp 0.63890
2025.04.30 14:00:20,68,AUDUSD#,buy,0.06 / 0.06,0.00000,0.63830,0.64040,2025.04.30 14:00:20,filled,OkiFVG
2025.04.30 15:30:40,69,AUDUSD#,sell,0.06 / 0.06,0.00000,,,2025.04.30 15:30:40,filled,sl 0.63830
2025.04.30 15:45:20,70,AUDUSD#,sell,0.05 / 0.05,0.00000,0.63826,0.63600,2025.04.30 15:45:20,filled,OkiFVG
2025.04.30 16:56:40,71,AUDUSD#,buy,0.05 / 0.05,0.00000,,,2025.04.30 16:56:40,filled,tp 0.63600
2025.05.01 15:00:20,72,AUDUSD#,sell,0.05 / 0.05,0.00000,0.64037,0.63794,2025.05.01 15:00:20,filled,OkiFVG
2025.05.01 17:20:20,73,AUDUSD#,buy,0.05 / 0.05,0.00000,,,2025.05.01 17:20:20,filled,tp 0.63794
2025.05.01 17:20:40,74,AUDUSD#,sell,0.04 / 0.04,0.00000,0.63965,0.63679,2025.05.01 17:20:40,filled,OkiFVG
2025.05.01 19:03:40,75,AUDUSD#,buy,0.04 / 0.04,0.00000,,,2025.05.01 19:03:40,filled,tp 0.63679
2025.05.06 15:45:20,76,AUDUSD#,buy,0.05 / 0.05,0.00000,0.64539,0.64772,2025.05.06 15:45:20,filled,OkiFVG
2025.05.06 17:11:40,77,AUDUSD#,sell,0.05 / 0.05,0.00000,,,2025.05.06 17:11:40,filled,tp 0.64772
2025.05.06 17:15:20,78,AUDUSD#,buy,0.05 / 0.05,0.00000,0.64656,0.64889,2025.05.06 17:15:20,filled,OkiFVG
2025.05.06 19:17:40,79,AUDUSD#,sell,0.05 / 0.05,0.00000,,,2025.05.06 19:17:40,filled,tp 0.64889
2025.05.28 14:00:40,80,AUDUSD#,sell,0.06 / 0.06,0.00000,0.64506,0.64318,2025.05.28 14:00:40,filled,OkiFVG
2025.05.28 15:36:40,81,AUDUSD#,buy,0.06 / 0.06,0.00000,,,2025.05.28 15:36:40,filled,tp 0.64318
2025.05.28 15:45:20,82,AUDUSD#,sell,0.07 / 0.07,0.00000,0.64390,0.64205,2025.05.28 15:45:20,filled,OkiFVG
2025.05.28 16:05:40,83,AUDUSD#,buy,0.07 / 0.07,0.00000,,,2025.05.28 16:05:40,filled,tp 0.64205
2025.06.04 14:00:20,84,AUDUSD#,buy,0.06 / 0.06,0.00000,0.64659,0.64853,2025.06.04 14:00:20,filled,OkiFVG
2025.06.04 14:45:40,85,AUDUSD#,sell,0.06 / 0.06,0.00000,,,2025.06.04 14:45:40,filled,tp 0.64853
2025.06.05 14:03:59,86,AUDUSD#,buy,0.08 / 0.08,0.00000,0.65043,0.65201,2025.06.05 14:03:59,filled,OkiFVG
2025.06.05 15:15:40,87,AUDUSD#,sell,0.08 / 0.08,0.00000,,,2025.06.05 15:15:40,filled,sl 0.65043
2025.06.05 15:30:20,88,AUDUSD#,buy,0.07 / 0.07,0.00000,0.65056,0.65228,2025.06.05 15:30:20,filled,OkiFVG
2025.06.05 15:49:40,89,AUDUSD#,sell,0.07 / 0.07,0.00000,,,2025.06.05 15:49:40,filled,tp 0.65228
2025.06.06 14:59:40,90,AUDUSD#,sell,0.09 / 0.09,0.00000,0.64987,0.64848,2025.06.06 14:59:40,filled,OkiFVG
2025.06.06 15:10:40,91,AUDUSD#,buy,0.09 / 0.09,0.00000,,,2025.06.06 15:10:40,filled,tp 0.64848
2025.06.25 14:00:00,92,AUDUSD#,sell,0.07 / 0.07,0.00000,0.65054,0.64866,2025.06.25 14:00:00,filled,OkiFVG
2025.06.25 16:52:40,93,AUDUSD#,buy,0.07 / 0.07,0.00000,,,2025.06.25 16:52:40,filled,tp 0.64866
2025.06.25 17:00:20,94,AUDUSD#,sell,0.07 / 0.07,0.00000,0.64946,0.64777,2025.06.25 17:00:20,filled,OkiFVG
2025.06.25 17:06:40,95,AUDUSD#,buy,0.07 / 0.07,0.00000,,,2025.06.25 17:06:40,filled,sl 0.64946
2025.06.25 19:30:20,96,AUDUSD#,buy,0.05 / 0.05,0.00000,0.64872,0.65125,2025.06.25 19:30:20,filled,OkiFVG
2025.06.25 22:02:40,97,AUDUSD#,sell,0.05 / 0.05,0.00000,,,2025.06.25 22:02:40,filled,tp 0.65125
2025.07.02 14:00:20,98,AUDUSD#,sell,0.08 / 0.08,0.00000,0.65732,0.65567,2025.07.02 14:00:20,filled,OkiFVG
2025.07.02 14:51:40,99,AUDUSD#,buy,0.08 / 0.08,0.00000,,,2025.07.02 14:51:40,filled,tp 0.65567
2025.07.03 14:00:00,100,AUDUSD#,sell,0.09 / 0.09,0.00000,0.65817,0.65666,2025.07.03 14:00:00,filled,OkiFVG
2025.07.03 15:30:40,101,AUDUSD#,buy,0.09 / 0.09,0.00000,,,2025.07.03 15:30:40,filled,tp 0.65666
2025.07.16 14:15:20,102,AUDUSD#,sell,0.08 / 0.08,0.00000,0.65281,0.65119,2025.07.16 14:15:20,filled,OkiFVG
2025.07.16 15:30:40,103,AUDUSD#,buy,0.08 / 0.08,0.00000,,,2025.07.16 15:30:40,filled,sl 0.65281
2025.07.16 15:57:40,104,AUDUSD#,sell,0.07 / 0.07,0.00000,0.65251,0.65077,2025.07.16 15:57:40,filled,OkiFVG
2025.07.16 16:45:40,105,AUDUSD#,buy,0.07 / 0.07,0.00000,,,2025.07.16 16:45:40,filled,tp 0.65077
2025.07.16 16:45:40,106,AUDUSD#,sell,0.06 / 0.06,0.00000,0.65182,0.64969,2025.07.16 16:45:40,filled,OkiFVG
2025.07.16 17:37:40,107,AUDUSD#,buy,0.06 / 0.06,0.00000,,,2025.07.16 17:37:40,filled,tp 0.64969
2025.07.21 14:00:20,108,AUDUSD#,buy,0.08 / 0.08,0.00000,0.65050,0.65207,2025.07.21 14:00:20,filled,OkiFVG
2025.07.21 14:45:40,109,AUDUSD#,sell,0.08 / 0.08,0.00000,,,2025.07.21 14:45:40,filled,tp 0.65207
2025.07.21 15:00:40,110,AUDUSD#,buy,0.08 / 0.08,0.00000,0.65144,0.65311,2025.07.21 15:00:40,filled,OkiFVG
2025.07.21 18:19:40,111,AUDUSD#,sell,0.08 / 0.08,0.00000,,,2025.07.21 18:19:40,filled,tp 0.65311
2025.07.22 14:00:20,112,AUDUSD#,sell,0.07 / 0.07,0.00000,0.65196,0.65023,2025.07.22 14:00:20,filled,OkiFVG
2025.07.22 14:55:40,113,AUDUSD#,buy,0.07 / 0.07,0.00000,,,2025.07.22 14:55:40,filled,sl 0.65196
2025.08.01 14:45:20,114,AUDUSD#,sell,0.08 / 0.08,0.00000,0.64362,0.64197,2025.08.01 14:45:20,filled,OkiFVG
2025.08.01 15:29:40,115,AUDUSD#,buy,0.08 / 0.08,0.00000,,,2025.08.01 15:29:40,filled,tp 0.64197
2025.08.04 14:00:40,116,AUDUSD#,buy,0.06 / 0.06,0.00000,0.64666,0.64879,2025.08.04 14:00:40,filled,OkiFVG
2025.08.04 16:15:40,117,AUDUSD#,sell,0.06 / 0.06,0.00000,,,2025.08.04 16:15:40,filled,tp 0.64879
2025.08.04 16:16:59,118,AUDUSD#,buy,0.06 / 0.06,0.00000,0.64757,0.64974,2025.08.04 16:16:59,filled,OkiFVG
2025.08.04 17:10:40,119,AUDUSD#,sell,0.06 / 0.06,0.00000,,,2025.08.04 17:10:40,filled,sl 0.64757
2025.08.11 14:12:20,120,AUDUSD#,sell,0.1 / 0.1,0.00000,0.65237,0.65106,2025.08.11 14:12:20,filled,OkiFVG
2025.08.11 14:47:40,121,AUDUSD#,buy,0.1 / 0.1,0.00000,,,2025.08.11 14:47:40,filled,tp 0.65106
2025.08.11 14:55:40,122,AUDUSD#,sell,0.1 / 0.1,0.00000,0.65182,0.65052,2025.08.11 14:55:40,filled,OkiFVG
2025.08.11 15:14:40,123,AUDUSD#,buy,0.1 / 0.1,0.00000,,,2025.08.11 15:14:40,filled,tp 0.65052
2025.08.11 15:15:20,124,AUDUSD#,sell,0.09 / 0.09,0.00000,0.65123,0.64977,2025.08.11 15:15:20,filled,OkiFVG
2025.08.11 16:42:40,125,AUDUSD#,buy,0.09 / 0.09,0.00000,,,2025.08.11 16:42:40,filled,sl 0.65123
2025.08.18 14:32:40,126,AUDUSD#,sell,0.09 / 0.09,0.00000,0.65169,0.65023,2025.08.18 14:32:40,filled,OkiFVG
2025.08.18 16:56:40,127,AUDUSD#,buy,0.09 / 0.09,0.00000,,,2025.08.18 16:56:40,filled,tp 0.65023
2025.08.18 17:00:20,128,AUDUSD#,sell,0.09 / 0.09,0.00000,0.65086,0.64941,2025.08.18 17:00:20,filled,OkiFVG
2025.08.18 17:29:40,129,AUDUSD#,buy,0.09 / 0.09,0.00000,,,2025.08.18 17:29:40,filled,tp 0.64941
2025.08.19 14:30:40,130,AUDUSD#,sell,0.08 / 0.08,0.00000,0.64972,0.64810,2025.08.19 14:30:40,filled,OkiFVG
2025.08.19 16:07:40,131,AUDUSD#,buy,0.08 / 0.08,0.00000,,,2025.08.19 16:07:40,filled,tp 0.64810
2025.08.19 16:15:20,132,AUDUSD#,sell,0.07 / 0.07,0.00000,0.64862,0.64677,2025.08.19 16:15:20,filled,OkiFVG
2025.08.19 17:39:40,133,AUDUSD#,buy,0.07 / 0.07,0.00000,,,2025.08.19 17:39:40,filled,tp 0.64677
2025.08.21 14:00:20,134,AUDUSD#,buy,0.09 / 0.09,0.00000,0.64212,0.64362,2025.08.21 14:00:20,filled,OkiFVG
2025.08.21 15:00:40,135,AUDUSD#,sell,0.09 / 0.09,0.00000,,,2025.08.21 15:00:40,filled,sl 0.64212
2025.08.21 15:30:40,136,AUDUSD#,buy,0.09 / 0.09,0.00000,0.64224,0.64365,2025.08.21 15:30:40,filled,OkiFVG
2025.08.21 15:44:40,137,AUDUSD#,sell,0.09 / 0.09,0.00000,,,2025.08.21 15:44:40,filled,sl 0.64224
2025.08.21 16:31:59,138,AUDUSD#,buy,0.07 / 0.07,0.00000,0.64173,0.64347,2025.08.21 16:31:59,filled,OkiFVG
2025.08.21 16:45:40,139,AUDUSD#,sell,0.07 / 0.07,0.00000,,,2025.08.21 16:45:40,filled,sl 0.64173
2025.08.21 17:15:40,140,AUDUSD#,buy,0.06 / 0.06,0.00000,0.64174,0.64398,2025.08.21 17:15:40,filled,OkiFVG
2025.08.21 18:11:40,141,AUDUSD#,sell,0.06 / 0.06,0.00000,,,2025.08.21 18:11:40,filled,sl 0.64174
2025.08.21 19:45:20,142,AUDUSD#,buy,0.05 / 0.05,0.00000,0.64064,0.64323,2025.08.21 19:45:20,filled,OkiFVG
2025.08.22 17:00:40,143,AUDUSD#,sell,0.05 / 0.05,0.00000,,,2025.08.22 17:00:40,filled,tp 0.64323
2025.08.26 14:08:40,144,AUDUSD#,buy,0.08 / 0.08,0.00000,0.64783,0.64947,2025.08.26 14:08:40,filled,OkiFVG
2025.08.26 17:26:40,145,AUDUSD#,sell,0.08 / 0.08,0.00000,,,2025.08.26 17:26:40,filled,tp 0.64947
2025.08.29 14:01:40,146,AUDUSD#,sell,0.08 / 0.08,0.00000,0.65352,0.65185,2025.08.29 14:01:40,filled,OkiFVG
2025.08.29 16:44:40,147,AUDUSD#,buy,0.08 / 0.08,0.00000,,,2025.08.29 16:44:40,filled,sl 0.65352
2025.08.29 17:30:20,148,AUDUSD#,buy,0.07 / 0.07,0.00000,0.65346,0.65525,2025.08.29 17:30:20,filled,OkiFVG
2025.08.29 23:52:20,149,AUDUSD#,sell,0.07 / 0.07,0.00000,,,2025.08.29 23:52:20,filled,sl 0.65346
2025.09.11 14:45:20,150,AUDUSD#,sell,0.08 / 0.08,0.00000,0.66112,0.65945,2025.09.11 14:45:20,filled,OkiFVG
2025.09.11 15:30:20,151,AUDUSD#,buy,0.08 / 0.08,0.00000,,,2025.09.11 15:30:20,filled,tp 0.65945
2025.09.16 14:00:40,152,AUDUSD#,sell,0.07 / 0.07,0.00000,0.66751,0.66568,2025.09.16 14:00:40,filled,OkiFVG
2025.09.16 14:42:40,153,AUDUSD#,buy,0.07 / 0.07,0.00000,,,2025.09.16 14:42:40,filled,sl 0.66751
2025.09.16 14:45:20,154,AUDUSD#,buy,0.07 / 0.07,0.00000,0.66647,0.66818,2025.09.16 14:45:20,filled,OkiFVG
2025.09.16 15:30:40,155,AUDUSD#,sell,0.07 / 0.07,0.00000,,,2025.09.16 15:30:40,filled,sl 0.66647
2025.09.16 16:30:20,156,AUDUSD#,buy,0.06 / 0.06,0.00000,0.66645,0.66848,2025.09.16 16:30:20,filled,OkiFVG
2025.09.16 17:00:40,157,AUDUSD#,sell,0.06 / 0.06,0.00000,,,2025.09.16 17:00:40,filled,sl 0.66645
2025.09.16 17:30:40,158,AUDUSD#,buy,0.05 / 0.05,0.00000,0.66595,0.66825,2025.09.16 17:30:40,filled,OkiFVG
2025.09.16 19:25:40,159,AUDUSD#,sell,0.05 / 0.05,0.00000,,,2025.09.16 19:25:40,filled,tp 0.66825
2025.09.17 14:00:00,160,AUDUSD#,sell,0.09 / 0.09,0.00000,0.66772,0.66625,2025.09.17 14:00:00,filled,OkiFVG
2025.09.17 14:46:40,161,AUDUSD#,buy,0.09 / 0.09,0.00000,,,2025.09.17 14:46:40,filled,sl 0.66772
2025.09.17 15:45:20,162,AUDUSD#,buy,0.08 / 0.08,0.00000,0.66725,0.66880,2025.09.17 15:45:20,filled,OkiFVG
2025.09.17 17:50:40,163,AUDUSD#,sell,0.08 / 0.08,0.00000,,,2025.09.17 17:50:40,filled,sl 0.66725
2025.09.26 14:00:00,164,AUDUSD#,sell,0.07 / 0.07,0.00000,0.65314,0.65147,2025.09.26 14:00:00,filled,OkiFVG
2025.09.26 14:54:40,165,AUDUSD#,buy,0.07 / 0.07,0.00000,,,2025.09.26 14:54:40,filled,sl 0.65314
2025.09.26 16:30:20,166,AUDUSD#,sell,0.06 / 0.06,0.00000,0.65460,0.65258,2025.09.26 16:30:20,filled,OkiFVG
2025.09.26 17:42:40,167,AUDUSD#,buy,0.06 / 0.06,0.00000,,,2025.09.26 17:42:40,filled,sl 0.65460
2025.09.26 17:49:20,168,AUDUSD#,buy,0.04 / 0.04,0.00000,0.65307,0.65563,2025.09.26 17:49:20,filled,OkiFVG
2025.09.29 03:51:40,169,AUDUSD#,sell,0.04 / 0.04,0.00000,,,2025.09.29 03:51:40,filled,tp 0.65563
2025.10.02 14:01:40,170,AUDUSD#,sell,0.08 / 0.08,0.00000,0.66210,0.66048,2025.10.02 14:01:40,filled,OkiFVG
2025.10.02 14:30:40,171,AUDUSD#,buy,0.08 / 0.08,0.00000,,,2025.10.02 14:30:40,filled,tp 0.66048
2025.10.02 14:30:59,172,AUDUSD#,sell,0.07 / 0.07,0.00000,0.66133,0.65956,2025.10.02 14:30:59,filled,OkiFVG
2025.10.02 16:40:40,173,AUDUSD#,buy,0.07 / 0.07,0.00000,,,2025.10.02 16:40:40,filled,tp 0.65956
2025.10.03 14:00:00,174,AUDUSD#,buy,0.09 / 0.09,0.00000,0.65970,0.66104,2025.10.03 14:00:00,filled,OkiFVG
2025.10.03 18:47:20,175,AUDUSD#,sell,0.09 / 0.09,0.00000,,,2025.10.03 18:47:20,filled,tp 0.66104
2025.10.28 14:00:00,176,AUDUSD#,sell,0.09 / 0.09,0.00000,0.65620,0.65483,2025.10.28 14:00:00,filled,OkiFVG
2025.10.28 16:03:40,177,AUDUSD#,buy,0.09 / 0.09,0.00000,,,2025.10.28 16:03:40,filled,sl 0.65620
2025.10.28 16:15:20,178,AUDUSD#,buy,0.08 / 0.08,0.00000,0.65579,0.65730,2025.10.28 16:15:20,filled,OkiFVG
2025.10.28 16:36:40,179,AUDUSD#,sell,0.08 / 0.08,0.00000,,,2025.10.28 16:36:40,filled,tp 0.65730
2025.11.06 14:00:00,180,AUDUSD#,sell,0.08 / 0.08,0.00000,0.65160,0.65003,2025.11.06 14:00:00,filled,OkiFVG
2025.11.06 15:01:40,181,AUDUSD#,buy,0.08 / 0.08,0.00000,,,2025.11.06 15:01:40,filled,sl 0.65160
2025.11.06 16:00:20,182,AUDUSD#,sell,0.07 / 0.07,0.00000,0.65177,0.65010,2025.11.06 16:00:20,filled,OkiFVG
2025.11.06 16:10:40,183,AUDUSD#,buy,0.07 / 0.07,0.00000,,,2025.11.06 16:10:40,filled,tp 0.65010
2025.11.06 16:15:20,184,AUDUSD#,sell,0.06 / 0.06,0.00000,0.65121,0.64931,2025.11.06 16:15:20,filled,OkiFVG
2025.11.06 16:41:40,185,AUDUSD#,buy,0.06 / 0.06,0.00000,,,2025.11.06 16:41:40,filled,tp 0.64931
2025.11.11 14:00:40,186,AUDUSD#,buy,0.1 / 0.1,0.00000,0.65195,0.65315,2025.11.11 14:00:40,filled,OkiFVG
2025.11.11 15:34:40,187,AUDUSD#,sell,0.1 / 0.1,0.00000,,,2025.11.11 15:34:40,filled,tp 0.65315
2025.11.20 14:00:40,188,AUDUSD#,sell,0.08 / 0.08,0.00000,0.64827,0.64679,2025.11.20 14:00:40,filled,OkiFVG
2025.11.20 15:30:40,189,AUDUSD#,buy,0.08 / 0.08,0.00000,,,2025.11.20 15:30:40,filled,sl 0.64827
2025.11.28 14:00:40,190,AUDUSD#,sell,0.09 / 0.09,0.00000,0.65284,0.65147,2025.11.28 14:00:40,filled,OkiFVG
2025.11.28 14:37:40,191,AUDUSD#,buy,0.09 / 0.09,0.00000,,,2025.11.28 14:37:40,filled,sl 0.65284
2025.11.28 15:30:20,192,AUDUSD#,buy,0.08 / 0.08,0.00000,0.65223,0.65378,2025.11.28 15:30:20,filled,OkiFVG
2025.11.28 16:37:40,193,AUDUSD#,sell,0.08 / 0.08,0.00000,,,2025.11.28 16:37:40,filled,tp 0.65378
2025.11.28 16:39:40,194,AUDUSD#,buy,0.07 / 0.07,0.00000,0.65280,0.65454,2025.11.28 16:39:40,filled,OkiFVG
2025.11.28 17:34:40,195,AUDUSD#,sell,0.07 / 0.07,0.00000,,,2025.11.28 17:34:40,filled,tp 0.65454
2025.12.01 14:00:20,196,AUDUSD#,buy,0.06 / 0.06,0.00000,0.65443,0.65627,2025.12.01 14:00:20,filled,OkiFVG
2025.12.01 14:59:40,197,AUDUSD#,sell,0.06 / 0.06,0.00000,,,2025.12.01 14:59:40,filled,tp 0.65627
2025.12.12 14:00:00,198,AUDUSD#,buy,0.07 / 0.07,0.00000,0.66573,0.66747,2025.12.12 14:00:00,filled,OkiFVG
2025.12.12 17:04:40,199,AUDUSD#,sell,0.07 / 0.07,0.00000,,,2025.12.12 17:04:40,filled,sl 0.66573
2025.12.18 14:09:20,200,AUDUSD#,buy,0.1 / 0.1,0.00000,0.66011,0.66132,2025.12.18 14:09:20,filled,OkiFVG
2025.12.18 15:30:40,201,AUDUSD#,sell,0.1 / 0.1,0.00000,,,2025.12.18 15:30:40,filled,tp 0.66132
2025.12.26 15:30:40,202,AUDUSD#,buy,0.11 / 0.11,0.00000,0.67076,0.67188,2025.12.26 15:30:40,filled,OkiFVG
2025.12.26 16:10:40,203,AUDUSD#,sell,0.11 / 0.11,0.00000,,,2025.12.26 16:10:40,filled,tp 0.67188
2026.01.02 14:15:20,204,AUDUSD#,buy,0.07 / 0.07,0.00000,0.66837,0.67008,2026.01.02 14:15:20,filled,OkiFVG
2026.01.02 18:07:40,205,AUDUSD#,sell,0.07 / 0.07,0.00000,,,2026.01.02 18:07:40,filled,sl 0.66837
2026.01.13 14:48:40,206,AUDUSD#,sell,0.1 / 0.1,0.00000,0.67054,0.66937,2026.01.13 14:48:40,filled,OkiFVG
2026.01.13 15:30:40,207,AUDUSD#,buy,0.1 / 0.1,0.00000,,,2026.01.13 15:30:40,filled,sl 0.67054
2026.01.16 14:05:20,208,AUDUSD#,buy,0.09 / 0.09,0.00000,0.66986,0.67118,2026.01.16 14:05:20,filled,OkiFVG
2026.01.16 14:52:40,209,AUDUSD#,sell,0.09 / 0.09,0.00000,,,2026.01.16 14:52:40,filled,sl 0.66986
2026.01.16 15:45:20,210,AUDUSD#,sell,0.07 / 0.07,0.00000,0.67006,0.66843,2026.01.16 15:45:20,filled,OkiFVG
2026.01.16 17:26:20,211,AUDUSD#,buy,0.07 / 0.07,0.00000,,,2026.01.16 17:26:20,filled,tp 0.66843
2026.01.23 14:00:00,212,AUDUSD#,buy,0.05 / 0.05,0.00000,0.68407,0.68619,2026.01.23 14:00:00,filled,OkiFVG
2026.01.23 14:49:40,213,AUDUSD#,sell,0.05 / 0.05,0.00000,,,2026.01.23 14:49:40,filled,tp 0.68619
2026.02.10 14:44:40,214,AUDUSD#,sell,0.07 / 0.07,0.00000,0.70791,0.70615,2026.02.10 14:44:40,filled,OkiFVG
2026.02.10 15:31:40,215,AUDUSD#,buy,0.07 / 0.07,0.00000,,,2026.02.10 15:31:40,filled,sl 0.70791
2026.02.10 15:42:20,216,AUDUSD#,sell,0.07 / 0.07,0.00000,0.70793,0.70621,2026.02.10 15:42:20,filled,OkiFVG
2026.02.10 16:08:40,217,AUDUSD#,buy,0.07 / 0.07,0.00000,,,2026.02.10 16:08:40,filled,sl 0.70793
2026.02.10 16:15:20,218,AUDUSD#,buy,0.05 / 0.05,0.00000,0.70721,0.70933,2026.02.10 16:15:20,filled,OkiFVG
2026.02.10 16:48:40,219,AUDUSD#,sell,0.05 / 0.05,0.00000,,,2026.02.10 16:48:40,filled,sl 0.70721
2026.02.10 16:55:40,220,AUDUSD#,buy,0.04 / 0.04,0.00000,0.70706,0.70957,2026.02.10 16:55:40,filled,OkiFVG
2026.02.10 18:23:20,221,AUDUSD#,sell,0.04 / 0.04,0.00000,,,2026.02.10 18:23:20,filled,sl 0.70706
2026.02.10 19:30:20,222,AUDUSD#,buy,0.03 / 0.03,0.00000,0.70559,0.70930,2026.02.10 19:30:20,filled,OkiFVG
2026.02.11 03:43:40,223,AUDUSD#,sell,0.03 / 0.03,0.00000,,,2026.02.11 03:43:40,filled,tp 0.70930
2026.02.17 14:15:40,224,AUDUSD#,buy,0.05 / 0.05,0.00000,0.70532,0.70752,2026.02.17 14:15:40,filled,OkiFVG
2026.02.17 14:50:40,225,AUDUSD#,sell,0.05 / 0.05,0.00000,,,2026.02.17 14:50:40,filled,sl 0.70532
2026.02.17 15:00:20,226,AUDUSD#,sell,0.05 / 0.05,0.00000,0.70647,0.70425,2026.02.17 15:00:20,filled,OkiFVG
2026.02.17 16:01:40,227,AUDUSD#,buy,0.05 / 0.05,0.00000,,,2026.02.17 16:01:40,filled,tp 0.70425
2026.02.17 16:03:40,228,AUDUSD#,sell,0.04 / 0.04,0.00000,0.70638,0.70352,2026.02.17 16:03:40,filled,OkiFVG
2026.02.17 17:13:40,229,AUDUSD#,buy,0.04 / 0.04,0.00000,,,2026.02.17 17:13:40,filled,tp 0.70352
2026.02.18 14:00:40,230,AUDUSD#,buy,0.06 / 0.06,0.00000,0.70639,0.70818,2026.02.18 14:00:40,filled,OkiFVG
2026.02.18 15:43:40,231,AUDUSD#,sell,0.06 / 0.06,0.00000,,,2026.02.18 15:43:40,filled,sl 0.70639
2026.02.18 15:45:20,232,AUDUSD#,sell,0.06 / 0.06,0.00000,0.70740,0.70548,2026.02.18 15:45:20,filled,OkiFVG
2026.02.18 16:23:40,233,AUDUSD#,buy,0.06 / 0.06,0.00000,,,2026.02.18 16:23:40,filled,tp 0.70548
2026.02.18 16:26:40,234,AUDUSD#,sell,0.06 / 0.06,0.00000,0.70657,0.70454,2026.02.18 16:26:40,filled,OkiFVG
2026.02.18 16:54:40,235,AUDUSD#,buy,0.06 / 0.06,0.00000,,,2026.02.18 16:54:40,filled,sl 0.70657
2026.02.18 18:50:40,236,AUDUSD#,sell,0.04 / 0.04,0.00000,0.70839,0.70535,2026.02.18 18:50:40,filled,OkiFVG
2026.02.18 20:21:40,237,AUDUSD#,buy,0.04 / 0.04,0.00000,,,2026.02.18 20:21:40,filled,tp 0.70535
2026.02.18 20:30:20,238,AUDUSD#,sell,0.04 / 0.04,0.00000,0.70675,0.70423,2026.02.18 20:30:20,filled,OkiFVG
2026.02.18 21:28:40,239,AUDUSD#,buy,0.04 / 0.04,0.00000,,,2026.02.18 21:28:40,filled,tp 0.70423
2026.02.24 14:00:00,240,AUDUSD#,sell,0.06 / 0.06,0.00000,0.70572,0.70375,2026.02.24 14:00:00,filled,OkiFVG
2026.02.24 15:34:40,241,AUDUSD#,buy,0.06 / 0.06,0.00000,,,2026.02.24 15:34:40,filled,tp 0.70375
2026.02.24 15:34:40,242,AUDUSD#,sell,0.06 / 0.06,0.00000,0.70467,0.70275,2026.02.24 15:34:40,filled,OkiFVG
2026.02.24 16:14:20,243,AUDUSD#,buy,0.06 / 0.06,0.00000,,,2026.02.24 16:14:20,filled,tp 0.70275
2026.02.26 14:00:20,244,AUDUSD#,sell,0.07 / 0.07,0.00000,0.71197,0.71028,2026.02.26 14:00:20,filled,OkiFVG
2026.02.26 14:30:40,245,AUDUSD#,buy,0.07 / 0.07,0.00000,,,2026.02.26 14:30:40,filled,sl 0.71197
2026.02.26 15:45:20,246,AUDUSD#,sell,0.06 / 0.06,0.00000,0.71217,0.71016,2026.02.26 15:45:20,filled,OkiFVG
2026.02.26 17:01:40,247,AUDUSD#,buy,0.06 / 0.06,0.00000,,,2026.02.26 17:01:40,filled,tp 0.71016
2026.03.18 14:00:00,248,AUDUSD#,sell,0.04 / 0.04,0.00000,0.71142,0.70877,2026.03.18 14:00:00,filled,OkiFVG
2026.03.18 14:08:40,249,AUDUSD#,buy,0.04 / 0.04,0.00000,,,2026.03.18 14:08:40,filled,tp 0.70877
2026.03.27 14:47:40,250,AUDUSD#,buy,0.04 / 0.04,0.00000,0.68723,0.69001,2026.03.27 14:47:40,filled,OkiFVG
2026.03.27 17:32:40,251,AUDUSD#,sell,0.04 / 0.04,0.00000,,,2026.03.27 17:32:40,filled,tp 0.69001
2026.03.27 17:52:40,252,AUDUSD#,sell,0.03 / 0.03,0.00000,0.69060,0.68705,2026.03.27 17:52:40,filled,OkiFVG
2026.03.27 19:26:40,253,AUDUSD#,buy,0.03 / 0.03,0.00000,,,2026.03.27 19:26:40,filled,tp 0.68705
2026.03.30 15:15:40,254,AUDUSD#,sell,0.04 / 0.04,0.00000,0.68697,0.68447,2026.03.30 15:15:40,filled,OkiFVG
2026.03.30 16:46:40,255,AUDUSD#,buy,0.04 / 0.04,0.00000,,,2026.03.30 16:46:40,filled,tp 0.68447
2026.03.30 16:47:40,256,AUDUSD#,sell,0.04 / 0.04,0.00000,0.68611,0.68341,2026.03.30 16:47:40,filled,OkiFVG
2026.03.30 17:06:40,257,AUDUSD#,buy,0.04 / 0.04,0.00000,,,2026.03.30 17:06:40,filled,tp 0.68341
2025.01.02 14:00:20,2,AUDUSD#,buy,in,0.05,0.62164,2,0,0,0,100 000,OkiFVG
2025.01.02 15:30:40,3,AUDUSD#,sell,out,0.05,0.62037,3,0,0,-996,99 004,sl 0.62037
2025.01.02 16:56:00,4,AUDUSD#,sell,in,0.05,0.62125,4,0,0,0,99 004,OkiFVG
2025.01.02 18:03:40,5,AUDUSD#,buy,out,0.05,0.62028,5,0,0,763,99 767,tp 0.62028
2025.01.02 18:15:20,6,AUDUSD#,sell,in,0.03,0.61992,6,0,0,0,99 767,OkiFVG
2025.01.03 02:48:40,7,AUDUSD#,buy,out,0.03,0.62154,7,0,0,-765,99 002,sl 0.62154
2025.01.10 14:01:20,8,AUDUSD#,sell,in,0.06,0.61862,8,0,0,0,99 002,OkiFVG
2025.01.10 15:30:40,9,AUDUSD#,buy,out,0.06,0.61791,9,0,0,672,99 674,tp 0.61791
2025.01.17 14:03:40,10,AUDUSD#,sell,in,0.06,0.61954,10,0,0,0,99 674,OkiFVG
2025.01.17 14:40:00,11,AUDUSD#,buy,out,0.06,0.61877,11,0,0,719,100 393,tp 0.61877
2025.02.11 14:00:40,12,AUDUSD#,buy,in,0.07,0.62740,12,0,0,0,100 393,OkiFVG
2025.02.11 14:26:40,13,AUDUSD#,sell,out,0.07,0.62806,13,0,0,704,101 097,tp 0.62806
2025.02.11 14:30:20,14,AUDUSD#,buy,in,0.07,0.62798,14,0,0,0,101 097,OkiFVG
2025.02.11 16:29:40,15,AUDUSD#,sell,out,0.07,0.62868,15,0,0,747,101 844,tp 0.62868
2025.02.11 16:30:40,16,AUDUSD#,buy,in,0.06,0.62881,16,0,0,0,101 844,OkiFVG
2025.02.11 18:28:40,17,AUDUSD#,sell,out,0.06,0.62957,17,0,0,694,102 538,tp 0.62957
2025.02.17 14:00:00,18,AUDUSD#,buy,in,0.08,0.63670,18,0,0,0,102 538,OkiFVG
2025.02.17 21:00:40,19,AUDUSD#,sell,out,0.08,0.63586,19,0,0,-1 017,101 521,sl 0.63586
2025.02.17 21:00:40,20,AUDUSD#,sell,in,0.11,0.63583,20,0,0,0,101 521,OkiFVG
2025.02.18 00:33:40,21,AUDUSD#,buy,out,0.11,0.63537,21,0,0,767,102 288,tp 0.63537
2025.02.19 14:15:20,22,AUDUSD#,buy,in,0.08,0.63504,22,0,0,0,102 288,OkiFVG
2025.02.19 17:31:40,23,AUDUSD#,sell,out,0.08,0.63569,23,0,0,787,103 075,tp 0.63569
2025.02.19 17:45:40,24,AUDUSD#,buy,in,0.06,0.63590,24,0,0,0,103 075,OkiFVG
2025.02.19 17:58:40,25,AUDUSD#,sell,out,0.06,0.63485,25,0,0,-954,102 121,sl 0.63485
2025.02.21 14:00:40,26,AUDUSD#,sell,in,0.09,0.63866,26,0,0,0,102 121,OkiFVG
2025.02.21 15:18:40,27,AUDUSD#,buy,out,0.09,0.63813,27,0,0,717,102 838,tp 0.63813
2025.02.21 15:19:40,28,AUDUSD#,sell,in,0.1,0.63803,28,0,0,0,102 838,OkiFVG
2025.02.21 16:02:20,29,AUDUSD#,buy,out,0.1,0.63871,29,0,0,-1 023,101 815,sl 0.63871
2025.02.28 14:00:20,30,AUDUSD#,buy,in,0.08,0.62191,30,0,0,0,101 815,OkiFVG
2025.02.28 16:03:40,31,AUDUSD#,sell,out,0.08,0.62109,31,0,0,-988,100 827,sl 0.62109
2025.03.03 14:00:40,32,AUDUSD#,buy,in,0.06,0.62249,32,0,0,0,100 827,OkiFVG
2025.03.03 15:25:40,33,AUDUSD#,sell,out,0.06,0.62324,33,0,0,680,101 507,tp 0.62324
2025.03.03 15:30:20,34,AUDUSD#,buy,in,0.06,0.62322,34,0,0,0,101 507,OkiFVG
2025.03.03 16:21:40,35,AUDUSD#,sell,out,0.06,0.62398,35,0,0,688,102 195,tp 0.62398
2025.03.18 14:00:40,36,AUDUSD#,sell,in,0.07,0.63665,36,0,0,0,102 195,OkiFVG
2025.03.18 15:40:40,37,AUDUSD#,buy,out,0.07,0.63595,37,0,0,734,102 929,tp 0.63595
2025.03.21 14:30:40,38,AUDUSD#,sell,in,0.08,0.62896,38,0,0,0,102 929,OkiFVG
2025.03.21 15:02:40,39,AUDUSD#,buy,out,0.08,0.62829,39,0,0,797,103 726,tp 0.62829
2025.03.21 15:03:40,40,AUDUSD#,sell,in,0.07,0.62825,40,0,0,0,103 726,OkiFVG
2025.03.21 15:25:40,41,AUDUSD#,buy,out,0.07,0.62755,41,0,0,729,104 455,tp 0.62755
2025.03.28 15:00:20,42,AUDUSD#,buy,in,0.07,0.63033,42,0,0,0,104 455,OkiFVG
2025.03.28 15:20:40,43,AUDUSD#,sell,out,0.07,0.63106,43,0,0,770,105 225,tp 0.63106
2025.04.17 14:30:20,44,AUDUSD#,buy,in,0.06,0.63628,44,0,0,0,105 225,OkiFVG
2025.04.17 15:45:40,45,AUDUSD#,sell,out,0.06,0.63716,45,0,0,752,105 977,tp 0.63716
2025.04.17 15:46:40,46,AUDUSD#,buy,in,0.05,0.63687,46,0,0,0,105 977,OkiFVG
2025.04.17 15:58:40,47,AUDUSD#,sell,out,0.05,0.63789,47,0,0,726,106 703,tp 0.63789
2025.04.17 16:00:40,48,AUDUSD#,buy,in,0.05,0.63810,48,0,0,0,106 703,OkiFVG
2025.04.17 17:55:40,49,AUDUSD#,sell,out,0.05,0.63664,49,0,0,-1 039,105 664,sl 0.63664
2025.04.18 16:23:30,50,AUDUSD#,sell,in,0.08,0.63720,50,0,0,0,105 664,OkiFVG
2025.04.21 01:00:20,51,AUDUSD#,buy,out,0.08,0.63804,51,0,0,-953,104 711,sl 0.63804
2025.04.22 14:00:40,52,AUDUSD#,sell,in,0.05,0.63972,52,0,0,0,104 711,OkiFVG
2025.04.22 16:03:40,53,AUDUSD#,buy,out,0.05,0.63856,53,0,0,816,105 527,tp 0.63856
2025.04.24 14:02:00,54,AUDUSD#,buy,in,0.05,0.63867,54,0,0,0,105 527,OkiFVG
2025.04.24 17:27:40,55,AUDUSD#,sell,out,0.05,0.63971,55,0,0,741,106 268,tp 0.63971
2025.04.25 14:00:40,56,AUDUSD#,sell,in,0.04,0.63761,56,0,0,0,106 268,OkiFVG
2025.04.25 17:04:40,57,AUDUSD#,buy,out,0.04,0.63924,57,0,0,-938,105 330,sl 0.63924
2025.04.25 17:15:40,58,AUDUSD#,buy,in,0.05,0.63938,58,0,0,0,105 330,OkiFVG
2025.04.28 03:01:40,59,AUDUSD#,sell,out,0.05,0.63792,59,0,0,-1 050,104 280,sl 0.63792
2025.04.28 14:00:20,60,AUDUSD#,sell,in,0.04,0.63946,60,0,0,0,104 280,OkiFVG
2025.04.28 16:42:40,61,AUDUSD#,buy,out,0.04,0.64092,61,0,0,-836,103 444,sl 0.64092
2025.04.28 16:45:20,62,AUDUSD#,buy,in,0.05,0.64160,62,0,0,0,103 444,OkiFVG
2025.04.28 17:37:40,63,AUDUSD#,sell,out,0.05,0.64270,63,0,0,785,104 229,tp 0.64270
2025.04.29 14:00:20,64,AUDUSD#,sell,in,0.04,0.63975,64,0,0,0,104 229,OkiFVG
2025.04.29 15:42:40,65,AUDUSD#,buy,out,0.04,0.64137,65,0,0,-923,103 306,sl 0.64137
2025.04.29 16:15:20,66,AUDUSD#,sell,in,0.04,0.64005,66,0,0,0,103 306,OkiFVG
2025.04.29 17:08:40,67,AUDUSD#,buy,out,0.04,0.63890,67,0,0,655,103 961,tp 0.63890
2025.04.30 14:00:20,68,AUDUSD#,buy,in,0.06,0.63948,68,0,0,0,103 961,OkiFVG
2025.04.30 15:30:40,69,AUDUSD#,sell,out,0.06,0.63830,69,0,0,-1 011,102 950,sl 0.63830
2025.04.30 15:45:20,70,AUDUSD#,sell,in,0.05,0.63699,70,0,0,0,102 950,OkiFVG
2025.04.30 16:56:40,71,AUDUSD#,buy,out,0.05,0.63600,71,0,0,707,103 657,tp 0.63600
2025.05.01 15:00:20,72,AUDUSD#,sell,in,0.05,0.63900,72,0,0,0,103 657,OkiFVG
2025.05.01 17:20:20,73,AUDUSD#,buy,out,0.05,0.63794,73,0,0,768,104 425,tp 0.63794
2025.05.01 17:20:40,74,AUDUSD#,sell,in,0.04,0.63804,74,0,0,0,104 425,OkiFVG
2025.05.01 19:03:40,75,AUDUSD#,buy,out,0.04,0.63679,75,0,0,728,105 153,tp 0.63679
2025.05.06 15:45:20,76,AUDUSD#,buy,in,0.05,0.64670,76,0,0,0,105 153,OkiFVG
2025.05.06 17:11:40,77,AUDUSD#,sell,out,0.05,0.64772,77,0,0,727,105 880,tp 0.64772
2025.05.06 17:15:20,78,AUDUSD#,buy,in,0.05,0.64787,78,0,0,0,105 880,OkiFVG
2025.05.06 19:17:40,79,AUDUSD#,sell,out,0.05,0.64889,79,0,0,729,106 609,tp 0.64889
2025.05.28 14:00:40,80,AUDUSD#,sell,in,0.06,0.64400,80,0,0,0,106 609,OkiFVG
2025.05.28 15:36:40,81,AUDUSD#,buy,out,0.06,0.64318,81,0,0,710,107 319,tp 0.64318
2025.05.28 15:45:20,82,AUDUSD#,sell,in,0.07,0.64286,82,0,0,0,107 319,OkiFVG
2025.05.28 16:05:40,83,AUDUSD#,buy,out,0.07,0.64205,83,0,0,820,108 139,tp 0.64205
2025.06.04 14:00:20,84,AUDUSD#,buy,in,0.06,0.64768,84,0,0,0,108 139,OkiFVG
2025.06.04 14:45:40,85,AUDUSD#,sell,out,0.06,0.64853,85,0,0,736,108 875,tp 0.64853
2025.06.05 14:03:59,86,AUDUSD#,buy,in,0.08,0.65132,86,0,0,0,108 875,OkiFVG
2025.06.05 15:15:40,87,AUDUSD#,sell,out,0.08,0.65043,87,0,0,-1 020,107 855,sl 0.65043
2025.06.05 15:30:20,88,AUDUSD#,buy,in,0.07,0.65153,88,0,0,0,107 855,OkiFVG
2025.06.05 15:49:40,89,AUDUSD#,sell,out,0.07,0.65228,89,0,0,751,108 606,tp 0.65228
2025.06.06 14:59:40,90,AUDUSD#,sell,in,0.09,0.64909,90,0,0,0,108 606,OkiFVG
2025.06.06 15:10:40,91,AUDUSD#,buy,out,0.09,0.64848,91,0,0,792,109 398,tp 0.64848
2025.06.25 14:00:00,92,AUDUSD#,sell,in,0.07,0.64948,92,0,0,0,109 398,OkiFVG
2025.06.25 16:52:40,93,AUDUSD#,buy,out,0.07,0.64866,93,0,0,837,110 235,tp 0.64866
2025.06.25 17:00:20,94,AUDUSD#,sell,in,0.07,0.64851,94,0,0,0,110 235,OkiFVG
2025.06.25 17:06:40,95,AUDUSD#,buy,out,0.07,0.64946,95,0,0,-969,109 266,sl 0.64946
2025.06.25 19:30:20,96,AUDUSD#,buy,in,0.05,0.65014,96,0,0,0,109 266,OkiFVG
2025.06.25 22:02:40,97,AUDUSD#,sell,out,0.05,0.65125,97,0,0,806,110 072,tp 0.65125
2025.07.02 14:00:20,98,AUDUSD#,sell,in,0.08,0.65639,98,0,0,0,110 072,OkiFVG
2025.07.02 14:51:40,99,AUDUSD#,buy,out,0.08,0.65567,99,0,0,830,110 902,tp 0.65567
2025.07.03 14:00:00,100,AUDUSD#,sell,in,0.09,0.65732,100,0,0,0,110 902,OkiFVG
2025.07.03 15:30:40,101,AUDUSD#,buy,out,0.09,0.65666,101,0,0,853,111 755,tp 0.65666
2025.07.16 14:15:20,102,AUDUSD#,sell,in,0.08,0.65190,102,0,0,0,111 755,OkiFVG
2025.07.16 15:30:40,103,AUDUSD#,buy,out,0.08,0.65281,103,0,0,-1 083,110 672,sl 0.65281
2025.07.16 15:57:40,104,AUDUSD#,sell,in,0.07,0.65153,104,0,0,0,110 672,OkiFVG
2025.07.16 16:45:40,105,AUDUSD#,buy,out,0.07,0.65077,105,0,0,792,111 464,tp 0.65077
2025.07.16 16:45:40,106,AUDUSD#,sell,in,0.06,0.65062,106,0,0,0,111 464,OkiFVG
2025.07.16 17:37:40,107,AUDUSD#,buy,out,0.06,0.64969,107,0,0,830,112 294,tp 0.64969
2025.07.21 14:00:20,108,AUDUSD#,buy,in,0.08,0.65138,108,0,0,0,112 294,OkiFVG
2025.07.21 14:45:40,109,AUDUSD#,sell,out,0.08,0.65207,109,0,0,815,113 109,tp 0.65207
2025.07.21 15:00:40,110,AUDUSD#,buy,in,0.08,0.65238,110,0,0,0,113 109,OkiFVG
2025.07.21 18:19:40,111,AUDUSD#,sell,out,0.08,0.65311,111,0,0,860,113 969,tp 0.65311
2025.07.22 14:00:20,112,AUDUSD#,sell,in,0.07,0.65099,112,0,0,0,113 969,OkiFVG
2025.07.22 14:55:40,113,AUDUSD#,buy,out,0.07,0.65196,113,0,0,-1 000,112 969,sl 0.65196
2025.08.01 14:45:20,114,AUDUSD#,sell,in,0.08,0.64269,114,0,0,0,112 969,OkiFVG
2025.08.01 15:29:40,115,AUDUSD#,buy,out,0.08,0.64197,115,0,0,867,113 836,tp 0.64197
2025.08.04 14:00:40,116,AUDUSD#,buy,in,0.06,0.64786,116,0,0,0,113 836,OkiFVG
2025.08.04 16:15:40,117,AUDUSD#,sell,out,0.06,0.64879,117,0,0,820,114 656,tp 0.64879
2025.08.04 16:16:59,118,AUDUSD#,buy,in,0.06,0.64879,118,0,0,0,114 656,OkiFVG
2025.08.04 17:10:40,119,AUDUSD#,sell,out,0.06,0.64757,119,0,0,-1 076,113 580,sl 0.64757
2025.08.11 14:12:20,120,AUDUSD#,sell,in,0.1,0.65163,120,0,0,0,113 580,OkiFVG
2025.08.11 14:47:40,121,AUDUSD#,buy,out,0.1,0.65106,121,0,0,843,114 423,tp 0.65106
2025.08.11 14:55:40,122,AUDUSD#,sell,in,0.1,0.65109,122,0,0,0,114 423,OkiFVG
2025.08.11 15:14:40,123,AUDUSD#,buy,out,0.1,0.65052,123,0,0,843,115 266,tp 0.65052
2025.08.11 15:15:20,124,AUDUSD#,sell,in,0.09,0.65041,124,0,0,0,115 266,OkiFVG
2025.08.11 16:42:40,125,AUDUSD#,buy,out,0.09,0.65123,125,0,0,-1 092,114 174,sl 0.65123
2025.08.18 14:32:40,126,AUDUSD#,sell,in,0.09,0.65087,126,0,0,0,114 174,OkiFVG
2025.08.18 16:56:40,127,AUDUSD#,buy,out,0.09,0.65023,127,0,0,852,115 026,tp 0.65023
2025.08.18 17:00:20,128,AUDUSD#,sell,in,0.09,0.65004,128,0,0,0,115 026,OkiFVG
2025.08.18 17:29:40,129,AUDUSD#,buy,out,0.09,0.64941,129,0,0,838,115 864,tp 0.64941
2025.08.19 14:30:40,130,AUDUSD#,sell,in,0.08,0.64881,130,0,0,0,115 864,OkiFVG
2025.08.19 16:07:40,131,AUDUSD#,buy,out,0.08,0.64810,131,0,0,839,116 703,tp 0.64810
2025.08.19 16:15:20,132,AUDUSD#,sell,in,0.07,0.64758,132,0,0,0,116 703,OkiFVG
2025.08.19 17:39:40,133,AUDUSD#,buy,out,0.07,0.64677,133,0,0,838,117 541,tp 0.64677
2025.08.21 14:00:20,134,AUDUSD#,buy,in,0.09,0.64296,134,0,0,0,117 541,OkiFVG
2025.08.21 15:00:40,135,AUDUSD#,sell,out,0.09,0.64212,135,0,0,-1 118,116 423,sl 0.64212
2025.08.21 15:30:40,136,AUDUSD#,buy,in,0.09,0.64303,136,0,0,0,116 423,OkiFVG
2025.08.21 15:44:40,137,AUDUSD#,sell,out,0.09,0.64224,137,0,0,-1 050,115 373,sl 0.64224
2025.08.21 16:31:59,138,AUDUSD#,buy,in,0.07,0.64271,138,0,0,0,115 373,OkiFVG
2025.08.21 16:45:40,139,AUDUSD#,sell,out,0.07,0.64173,139,0,0,-1 013,114 360,sl 0.64173
2025.08.21 17:15:40,140,AUDUSD#,buy,in,0.06,0.64300,140,0,0,0,114 360,OkiFVG
2025.08.21 18:11:40,141,AUDUSD#,sell,out,0.06,0.64174,141,0,0,-1 121,113 239,sl 0.64174
2025.08.21 19:45:20,142,AUDUSD#,buy,in,0.05,0.64210,142,0,0,0,113 239,OkiFVG
2025.08.22 17:00:40,143,AUDUSD#,sell,out,0.05,0.64323,143,0,0,840,114 079,tp 0.64323
2025.08.26 14:08:40,144,AUDUSD#,buy,in,0.08,0.64875,144,0,0,0,114 079,OkiFVG
2025.08.26 17:26:40,145,AUDUSD#,sell,out,0.08,0.64947,145,0,0,850,114 929,tp 0.64947
2025.08.29 14:01:40,146,AUDUSD#,sell,in,0.08,0.65258,146,0,0,0,114 929,OkiFVG
2025.08.29 16:44:40,147,AUDUSD#,buy,out,0.08,0.65352,147,0,0,-1 106,113 823,sl 0.65352
2025.08.29 17:30:20,148,AUDUSD#,buy,in,0.07,0.65447,148,0,0,0,113 823,OkiFVG
2025.08.29 23:52:20,149,AUDUSD#,sell,out,0.07,0.65346,149,0,0,-1 040,112 783,sl 0.65346
2025.09.11 14:45:20,150,AUDUSD#,sell,in,0.08,0.66018,150,0,0,0,112 783,OkiFVG
2025.09.11 15:30:20,151,AUDUSD#,buy,out,0.08,0.65945,151,0,0,863,113 646,tp 0.65945
2025.09.16 14:00:40,152,AUDUSD#,sell,in,0.07,0.66648,152,0,0,0,113 646,OkiFVG
2025.09.16 14:42:40,153,AUDUSD#,buy,out,0.07,0.66751,153,0,0,-1 060,112 586,sl 0.66751
2025.09.16 14:45:20,154,AUDUSD#,buy,in,0.07,0.66743,154,0,0,0,112 586,OkiFVG
2025.09.16 15:30:40,155,AUDUSD#,sell,out,0.07,0.66647,155,0,0,-988,111 598,sl 0.66647
2025.09.16 16:30:20,156,AUDUSD#,buy,in,0.06,0.66759,156,0,0,0,111 598,OkiFVG
2025.09.16 17:00:40,157,AUDUSD#,sell,out,0.06,0.66645,157,0,0,-1 004,110 594,sl 0.66645
2025.09.16 17:30:40,158,AUDUSD#,buy,in,0.05,0.66724,158,0,0,0,110 594,OkiFVG
2025.09.16 19:25:40,159,AUDUSD#,sell,out,0.05,0.66825,159,0,0,739,111 333,tp 0.66825
2025.09.17 14:00:00,160,AUDUSD#,sell,in,0.09,0.66689,160,0,0,0,111 333,OkiFVG
2025.09.17 14:46:40,161,AUDUSD#,buy,out,0.09,0.66772,161,0,0,-1 093,110 240,sl 0.66772
2025.09.17 15:45:20,162,AUDUSD#,buy,in,0.08,0.66812,162,0,0,0,110 240,OkiFVG
2025.09.17 17:50:40,163,AUDUSD#,sell,out,0.08,0.66725,163,0,0,-1 018,109 222,sl 0.66725
2025.09.26 14:00:00,164,AUDUSD#,sell,in,0.07,0.65220,164,0,0,0,109 222,OkiFVG
2025.09.26 14:54:40,165,AUDUSD#,buy,out,0.07,0.65314,165,0,0,-986,108 236,sl 0.65314
2025.09.26 16:30:20,166,AUDUSD#,sell,in,0.06,0.65346,166,0,0,0,108 236,OkiFVG
2025.09.26 17:42:40,167,AUDUSD#,buy,out,0.06,0.65460,167,0,0,-1 023,107 213,sl 0.65460
2025.09.26 17:49:20,168,AUDUSD#,buy,in,0.04,0.65451,168,0,0,0,107 213,OkiFVG
2025.09.29 03:51:40,169,AUDUSD#,sell,out,0.04,0.65563,169,0,0,668,107 881,tp 0.65563
2025.10.02 14:01:40,170,AUDUSD#,sell,in,0.08,0.66119,170,0,0,0,107 881,OkiFVG
2025.10.02 14:30:40,171,AUDUSD#,buy,out,0.08,0.66048,171,0,0,833,108 714,tp 0.66048
2025.10.02 14:30:59,172,AUDUSD#,sell,in,0.07,0.66033,172,0,0,0,108 714,OkiFVG
2025.10.02 16:40:40,173,AUDUSD#,buy,out,0.07,0.65956,173,0,0,793,109 507,tp 0.65956
2025.10.03 14:00:00,174,AUDUSD#,buy,in,0.09,0.66045,174,0,0,0,109 507,OkiFVG
2025.10.03 18:47:20,175,AUDUSD#,sell,out,0.09,0.66104,175,0,0,782,110 289,tp 0.66104
2025.10.28 14:00:00,176,AUDUSD#,sell,in,0.09,0.65543,176,0,0,0,110 289,OkiFVG
2025.10.28 16:03:40,177,AUDUSD#,buy,out,0.09,0.65620,177,0,0,-1 055,109 234,sl 0.65620
2025.10.28 16:15:20,178,AUDUSD#,buy,in,0.08,0.65664,178,0,0,0,109 234,OkiFVG
2025.10.28 16:36:40,179,AUDUSD#,sell,out,0.08,0.65730,179,0,0,803,110 037,tp 0.65730
2025.11.06 14:00:00,180,AUDUSD#,sell,in,0.08,0.65072,180,0,0,0,110 037,OkiFVG
2025.11.06 15:01:40,181,AUDUSD#,buy,out,0.08,0.65160,181,0,0,-1 081,108 956,sl 0.65160
2025.11.06 16:00:20,182,AUDUSD#,sell,in,0.07,0.65083,182,0,0,0,108 956,OkiFVG
2025.11.06 16:10:40,183,AUDUSD#,buy,out,0.07,0.65010,183,0,0,784,109 740,tp 0.65010
2025.11.06 16:15:20,184,AUDUSD#,sell,in,0.06,0.65014,184,0,0,0,109 740,OkiFVG
2025.11.06 16:41:40,185,AUDUSD#,buy,out,0.06,0.64931,185,0,0,765,110 505,tp 0.64931
2025.11.11 14:00:40,186,AUDUSD#,buy,in,0.1,0.65262,186,0,0,0,110 505,OkiFVG
2025.11.11 15:34:40,187,AUDUSD#,sell,out,0.1,0.65315,187,0,0,815,111 320,tp 0.65315
2025.11.20 14:00:40,188,AUDUSD#,sell,in,0.08,0.64744,188,0,0,0,111 320,OkiFVG
2025.11.20 15:30:40,189,AUDUSD#,buy,out,0.08,0.64827,189,0,0,-1 048,110 272,sl 0.64827
2025.11.28 14:00:40,190,AUDUSD#,sell,in,0.09,0.65207,190,0,0,0,110 272,OkiFVG
2025.11.28 14:37:40,191,AUDUSD#,buy,out,0.09,0.65284,191,0,0,-1 082,109 190,sl 0.65284
2025.11.28 15:30:20,192,AUDUSD#,buy,in,0.08,0.65310,192,0,0,0,109 190,OkiFVG
2025.11.28 16:37:40,193,AUDUSD#,sell,out,0.08,0.65378,193,0,0,850,110 040,tp 0.65378
2025.11.28 16:39:40,194,AUDUSD#,buy,in,0.07,0.65378,194,0,0,0,110 040,OkiFVG
2025.11.28 17:34:40,195,AUDUSD#,sell,out,0.07,0.65454,195,0,0,832,110 872,tp 0.65454
2025.12.01 14:00:20,196,AUDUSD#,buy,in,0.06,0.65546,196,0,0,0,110 872,OkiFVG
2025.12.01 14:59:40,197,AUDUSD#,sell,out,0.06,0.65627,197,0,0,752,111 624,tp 0.65627
2025.12.12 14:00:00,198,AUDUSD#,buy,in,0.07,0.66671,198,0,0,0,111 624,OkiFVG
2025.12.12 17:04:40,199,AUDUSD#,sell,out,0.07,0.66573,199,0,0,-1 070,110 554,sl 0.66573
2025.12.18 14:09:20,200,AUDUSD#,buy,in,0.1,0.66079,200,0,0,0,110 554,OkiFVG
2025.12.18 15:30:40,201,AUDUSD#,sell,out,0.1,0.66132,201,0,0,825,111 379,tp 0.66132
2025.12.26 15:30:40,202,AUDUSD#,buy,in,0.11,0.67139,202,0,0,0,111 379,OkiFVG
2025.12.26 16:10:40,203,AUDUSD#,sell,out,0.11,0.67188,203,0,0,843,112 222,tp 0.67188
2026.01.02 14:15:20,204,AUDUSD#,buy,in,0.07,0.66933,204,0,0,0,112 222,OkiFVG
2026.01.02 18:07:40,205,AUDUSD#,sell,out,0.07,0.66837,205,0,0,-1 052,111 170,sl 0.66837
2026.01.13 14:48:40,206,AUDUSD#,sell,in,0.1,0.66988,206,0,0,0,111 170,OkiFVG
2026.01.13 15:30:40,207,AUDUSD#,buy,out,0.1,0.67054,207,0,0,-1 049,110 121,sl 0.67054
2026.01.16 14:05:20,208,AUDUSD#,buy,in,0.09,0.67060,208,0,0,0,110 121,OkiFVG
2026.01.16 14:52:40,209,AUDUSD#,sell,out,0.09,0.66986,209,0,0,-1 053,109 068,sl 0.66986
2026.01.16 15:45:20,210,AUDUSD#,sell,in,0.07,0.66914,210,0,0,0,109 068,OkiFVG
2026.01.16 17:26:20,211,AUDUSD#,buy,out,0.07,0.66843,211,0,0,785,109 853,tp 0.66843
2026.01.23 14:00:00,212,AUDUSD#,buy,in,0.05,0.68526,212,0,0,0,109 853,OkiFVG
2026.01.23 14:49:40,213,AUDUSD#,sell,out,0.05,0.68619,213,0,0,736,110 589,tp 0.68619
2026.02.10 14:44:40,214,AUDUSD#,sell,in,0.07,0.70692,214,0,0,0,110 589,OkiFVG
2026.02.10 15:31:40,215,AUDUSD#,buy,out,0.07,0.70791,215,0,0,-1 074,109 515,sl 0.70791
2026.02.10 15:42:20,216,AUDUSD#,sell,in,0.07,0.70696,216,0,0,0,109 515,OkiFVG
2026.02.10 16:08:40,217,AUDUSD#,buy,out,0.07,0.70793,217,0,0,-1 050,108 465,sl 0.70793
2026.02.10 16:15:20,218,AUDUSD#,buy,in,0.05,0.70840,218,0,0,0,108 465,OkiFVG
2026.02.10 16:48:40,219,AUDUSD#,sell,out,0.05,0.70721,219,0,0,-918,107 547,sl 0.70721
2026.02.10 16:55:40,220,AUDUSD#,buy,in,0.04,0.70847,220,0,0,0,107 547,OkiFVG
2026.02.10 18:23:20,221,AUDUSD#,sell,out,0.04,0.70706,221,0,0,-870,106 677,sl 0.70706
2026.02.10 19:30:20,222,AUDUSD#,buy,in,0.03,0.70768,222,0,0,0,106 677,OkiFVG
2026.02.11 03:43:40,223,AUDUSD#,sell,out,0.03,0.70930,223,0,0,748,107 425,tp 0.70930
2026.02.17 14:15:40,224,AUDUSD#,buy,in,0.05,0.70656,224,0,0,0,107 425,OkiFVG
2026.02.17 14:50:40,225,AUDUSD#,sell,out,0.05,0.70532,225,0,0,-949,106 476,sl 0.70532
2026.02.17 15:00:20,226,AUDUSD#,sell,in,0.05,0.70522,226,0,0,0,106 476,OkiFVG
2026.02.17 16:01:40,227,AUDUSD#,buy,out,0.05,0.70425,227,0,0,744,107 220,tp 0.70425
2026.02.17 16:03:40,228,AUDUSD#,sell,in,0.04,0.70477,228,0,0,0,107 220,OkiFVG
2026.02.17 17:13:40,229,AUDUSD#,buy,out,0.04,0.70352,229,0,0,768,107 988,tp 0.70352
2026.02.18 14:00:40,230,AUDUSD#,buy,in,0.06,0.70740,230,0,0,0,107 988,OkiFVG
2026.02.18 15:43:40,231,AUDUSD#,sell,out,0.06,0.70639,231,0,0,-932,107 056,sl 0.70639
2026.02.18 15:45:20,232,AUDUSD#,sell,in,0.06,0.70632,232,0,0,0,107 056,OkiFVG
2026.02.18 16:23:40,233,AUDUSD#,buy,out,0.06,0.70548,233,0,0,777,107 833,tp 0.70548
2026.02.18 16:26:40,234,AUDUSD#,sell,in,0.06,0.70543,234,0,0,0,107 833,OkiFVG
2026.02.18 16:54:40,235,AUDUSD#,buy,out,0.06,0.70657,235,0,0,-1 056,106 777,sl 0.70657
2026.02.18 18:50:40,236,AUDUSD#,sell,in,0.04,0.70668,236,0,0,0,106 777,OkiFVG
2026.02.18 20:21:40,237,AUDUSD#,buy,out,0.04,0.70535,237,0,0,823,107 600,tp 0.70535
2026.02.18 20:30:20,238,AUDUSD#,sell,in,0.04,0.70533,238,0,0,0,107 600,OkiFVG
2026.02.18 21:28:40,239,AUDUSD#,buy,out,0.04,0.70423,239,0,0,681,108 281,tp 0.70423
2026.02.24 14:00:00,240,AUDUSD#,sell,in,0.06,0.70461,240,0,0,0,108 281,OkiFVG
2026.02.24 15:34:40,241,AUDUSD#,buy,out,0.06,0.70375,241,0,0,805,109 086,tp 0.70375
2026.02.24 15:34:40,242,AUDUSD#,sell,in,0.06,0.70359,242,0,0,0,109 086,OkiFVG
2026.02.24 16:14:20,243,AUDUSD#,buy,out,0.06,0.70275,243,0,0,787,109 873,tp 0.70275
2026.02.26 14:00:20,244,AUDUSD#,sell,in,0.07,0.71102,244,0,0,0,109 873,OkiFVG
2026.02.26 14:30:40,245,AUDUSD#,buy,out,0.07,0.71197,245,0,0,-1 037,108 836,sl 0.71197
2026.02.26 15:45:20,246,AUDUSD#,sell,in,0.06,0.71104,246,0,0,0,108 836,OkiFVG
2026.02.26 17:01:40,247,AUDUSD#,buy,out,0.06,0.71016,247,0,0,823,109 659,tp 0.71016
2026.03.18 14:00:00,248,AUDUSD#,sell,in,0.04,0.70993,248,0,0,0,109 659,OkiFVG
2026.03.18 14:08:40,249,AUDUSD#,buy,out,0.04,0.70877,249,0,0,738,110 397,tp 0.70877
2026.03.27 14:47:40,250,AUDUSD#,buy,in,0.04,0.68879,250,0,0,0,110 397,OkiFVG
2026.03.27 17:32:40,251,AUDUSD#,sell,out,0.04,0.69001,251,0,0,780,111 177,tp 0.69001
2026.03.27 17:52:40,252,AUDUSD#,sell,in,0.03,0.68860,252,0,0,0,111 177,OkiFVG
2026.03.27 19:26:40,253,AUDUSD#,buy,out,0.03,0.68705,253,0,0,746,111 923,tp 0.68705
2026.03.30 15:15:40,254,AUDUSD#,sell,in,0.04,0.68556,254,0,0,0,111 923,OkiFVG
2026.03.30 16:46:40,255,AUDUSD#,buy,out,0.04,0.68447,255,0,0,695,112 618,tp 0.68447
2026.03.30 16:47:40,256,AUDUSD#,sell,in,0.04,0.68459,256,0,0,0,112 618,OkiFVG
2026.03.30 17:06:40,257,AUDUSD#,buy,out,0.04,0.68341,257,0,0,753,113 371,tp 0.68341
